Date,Labor Force,Labor Force Participation Rate,Employed,Employment Participation Rate,Unemployed,Unemployment Rate,U.S. Rate
20-Mar,"6,279,900",62.9,"6,001,400",60.1,"278,500",4.4,4.5
20-Feb,"6,336,300",63.4,"6,112,800",61.2,"223,500",3.5,3.8
20-Jan,"6,312,700",63.2,"6,059,300",60.6,"253,300",4,4
19-Dec,"6,377,200",63.8,"6,156,800",61.6,"220,400",3.5,3.4
19-Nov,"6,416,300",64.2,"6,201,200",62,"215,200",3.4,3.3
19-Oct,"6,443,300",64.4,"6,218,600",62.2,"224,700",3.5,3.3
19-Sep,"6,426,600",64.3,"6,203,700",62,"222,900",3.5,3.3
19-Aug,"6,459,300",64.6,"6,201,500",62,"257,800",4,3.8
19-Jul,"6,534,700",65.4,"6,257,800",62.6,"276,900",4.2,4
19-Jun,"6,517,400",65.2,"6,249,800",62.5,"267,600",4.1,3.8
19-May,"6,416,400",64.2,"6,193,900",61.9,"222,500",3.5,3.4
19-Apr,"6,413,200",64.1,"6,179,200",61.8,"234,000",3.6,3.3
19-Mar,"6,458,700",64.6,"6,172,400",61.7,"286,300",4.4,3.9
19-Feb,"6,458,400",64.5,"6,155,000",61.5,"303,300",4.7,4.1
19-Jan,"6,437,800",64.3,"6,099,200",60.9,"338,600",5.3,4.4
18-Dec,"6,449,000",64.4,"6,164,800",61.6,"284,100",4.4,3.7
18-Nov,"6,465,800",64.6,"6,207,000",62,"258,900",4,3.5
18-Oct,"6,471,500",64.6,"6,204,900",61.9,"266,600",4.1,3.5
18-Sep,"6,434,400",64.2,"6,183,900",61.7,"250,600",3.9,3.6
18-Aug,"6,444,500",64.3,"6,165,900",61.6,"278,600",4.3,3.9
18-Jul,"6,550,700",65.4,"6,257,800",62.5,"292,900",4.5,4.1
18-Jun,"6,549,600",65.4,"6,243,400",62.3,"306,300",4.7,4.2
18-May,"6,444,500",64.3,"6,207,900",62,"236,600",3.7,3.6
18-Apr,"6,431,500",64.2,"6,183,900",61.7,"247,700",3.9,3.7
18-Mar,"6,457,900",64.4,"6,176,900",61.6,"281,000",4.4,4.1
18-Feb,"6,465,100",64.5,"6,148,200",61.3,"316,900",4.9,4.4
18-Jan,"6,402,900",63.8,"6,073,300",60.5,"329,600",5.1,4.5
17-Dec,"6,431,200",64.1,"6,141,300",61.2,"289,900",4.5,3.9
17-Nov,"6,468,400",64.5,"6,180,200",61.6,"288,200",4.5,3.9
17-Oct,"6,465,600",64.4,"6,171,400",61.5,"294,100",4.5,3.9
17-Sep,"6,487,300",64.6,"6,187,500",61.6,"299,900",4.6,4.1
17-Aug,"6,504,600",64.8,"6,160,600",61.4,"344,000",5.3,4.5
17-Jul,"6,558,000",65.3,"6,224,400",62,"333,600",5.1,4.6
17-Jun,"6,550,000",65.2,"6,219,000",61.9,"330,900",5.1,4.5
17-May,"6,450,300",64.2,"6,166,400",61.4,"283,900",4.4,4.1
17-Apr,"6,453,200",64.3,"6,162,400",61.4,"290,700",4.5,4.1
17-Mar,"6,464,900",64.4,"6,146,800",61.2,"318,100",4.9,4.6
17-Feb,"6,458,000",64.3,"6,096,600",60.7,"361,400",5.6,4.9
17-Jan,"6,448,300",64.2,"6,051,600",60.2,"396,700",6.2,5.1
16-Dec,"6,452,500",64.2,"6,110,100",60.8,"342,400",5.3,4.5
16-Nov,"6,481,700",64.5,"6,152,100",61.2,"329,600",5.1,4.4
16-Oct,"6,514,600",64.8,"6,154,100",61.2,"360,500",5.5,4.7
16-Sep,"6,510,000",64.8,"6,147,000",61.2,"363,000",5.6,4.8
16-Aug,"6,549,500",65.2,"6,169,800",61.4,"379,700",5.8,5
16-Jul,"6,617,600",65.9,"6,232,600",62,"385,000",5.8,5.1
16-Jun,"6,629,100",66,"6,231,400",62,"397,700",6,5.1
16-May,"6,539,600",65.1,"6,193,000",61.6,"346,600",5.3,4.5
16-Apr,"6,551,300",65.2,"6,170,500",61.4,"380,800",5.8,4.7
16-Mar,"6,582,100",65.5,"6,166,100",61.4,"416,100",6.3,5.1
16-Feb,"6,558,400",65.3,"6,130,800",61,"427,700",6.5,5.2
16-Jan,"6,517,600",64.8,"6,082,600",60.5,"435,100",6.7,5.3
15-Dec,"6,521,500",64.9,"6,133,100",61,"388,400",6,4.8
15-Nov,"6,525,700",64.9,"6,146,700",61.1,"379,000",5.8,4.8
15-Oct,"6,518,100",64.8,"6,145,600",61.1,"372,500",5.7,4.8
15-Sep,"6,472,500",64.4,"6,118,800",60.9,"353,700",5.5,4.9
15-Aug,"6,524,400",64.9,"6,144,300",61.1,"380,100",5.8,5.2
15-Jul,"6,596,200",65.6,"6,189,500",61.6,"406,600",6.2,5.6
15-Jun,"6,596,400",65.6,"6,193,700",61.6,"402,700",6.1,5.5
15-May,"6,526,700",64.9,"6,150,000",61.2,"376,700",5.8,5.3
15-Apr,"6,460,800",64.3,"6,105,400",60.7,"355,400",5.5,5.1
15-Mar,"6,445,200",64.1,"6,057,200",60.3,"388,000",6,5.6
15-Feb,"6,440,000",64.1,"6,026,800",59.9,"413,100",6.4,5.8
15-Jan,"6,442,800",64.1,"6,002,000",59.7,"440,800",6.8,6.1
14-Dec,"6,443,800",64.1,"6,067,300",60.3,"376,600",5.8,5.4
14-Nov,"6,497,300",64.6,"6,106,100",60.7,"391,200",6,5.5
14-Oct,"6,522,000",64.9,"6,123,200",60.9,"398,800",6.1,5.5
14-Sep,"6,485,300",64.5,"6,081,200",60.5,"404,200",6.2,5.7
14-Aug,"6,518,400",64.8,"6,067,700",60.4,"450,700",6.9,6.3
14-Jul,"6,602,600",65.7,"6,122,800",60.9,"479,800",7.3,6.5
14-Jun,"6,589,800",65.6,"6,118,500",60.9,"471,300",7.2,6.3
14-May,"6,503,900",64.7,"6,056,900",60.3,"447,000",6.9,6.1
14-Apr,"6,469,400",64.4,"6,024,000",60,"445,300",6.9,5.9
14-Mar,"6,531,900",65,"5,997,300",59.7,"534,600",8.2,6.8
14-Feb,"6,514,700",64.9,"5,943,400",59.2,"571,400",8.8,7
14-Jan,"6,487,200",64.6,"5,917,500",58.9,"569,700",8.8,7
13-Dec,"6,493,400",64.7,"5,961,000",59.4,"532,400",8.2,6.5
13-Nov,"6,517,600",64.9,"5,976,600",59.5,"541,000",8.3,6.6
13-Oct,"6,510,300",64.9,"5,941,400",59.2,"568,800",8.7,7
13-Sep,"6,538,600",65.2,"5,975,900",59.6,"562,700",8.6,7
13-Aug,"6,565,400",65.4,"5,971,000",59.5,"594,400",9.1,7.3
13-Jul,"6,649,300",66.3,"6,027,700",60.1,"621,600",9.3,7.7
13-Jun,"6,665,800",66.5,"6,024,500",60.1,"641,300",9.6,7.8
13-May,"6,558,800",65.4,"5,983,200",59.7,"575,600",8.8,7.3
13-Apr,"6,507,800",64.9,"5,946,000",59.3,"561,800",8.6,7.1
13-Mar,"6,508,900",65,"5,909,300",59,"599,600",9.2,7.6
13-Feb,"6,531,800",65.2,"5,891,600",58.8,"640,200",9.8,8.1
13-Jan,"6,546,000",65.4,"5,872,700",58.6,"673,300",10.3,8.5
12-Dec,"6,581,800",65.7,"5,985,400",59.8,"596,400",9.1,7.6
12-Nov,"6,568,200",65.6,"6,019,400",60.1,"548,800",8.4,7.4
12-Oct,"6,616,300",66.1,"6,049,900",60.5,"566,400",8.6,7.5
12-Sep,"6,576,900",65.8,"6,028,500",60.3,"548,400",8.3,7.6
12-Aug,"6,604,900",66.1,"5,997,800",60,"607,100",9.2,8.2
12-Jul,"6,688,500",66.9,"6,047,300",60.5,"641,200",9.6,8.6
12-Jun,"6,684,600",66.9,"6,055,200",60.6,"629,300",9.4,8.4
12-May,"6,566,700",65.8,"6,000,200",60.1,"566,500",8.6,7.9
12-Apr,"6,513,500",65.2,"5,970,200",59.8,"543,300",8.3,7.7
12-Mar,"6,534,800",65.5,"5,946,400",59.6,"588,300",9,8.4
12-Feb,"6,537,300",65.5,"5,912,100",59.3,"625,200",9.6,8.7
12-Jan,"6,509,000",65.2,"5,875,300",58.9,"633,700",9.7,8.8
11-Dec,"6,576,400",65.9,"5,974,500",59.9,"601,900",9.2,8.3
11-Nov,"6,586,400",66.1,"5,991,600",60.1,"594,700",9,8.2
11-Oct,"6,618,200",66.4,"5,984,500",60.1,"633,700",9.6,8.5
11-Sep,"6,611,300",66.4,"5,964,700",59.9,"646,600",9.8,8.8
11-Aug,"6,646,200",66.8,"5,963,900",59.9,"682,300",10.3,9.1
11-Jul,"6,676,600",67.1,"5,985,500",60.1,"691,200",10.4,9.3
11-Jun,"6,670,500",67.1,"5,987,800",60.2,"682,700",10.2,9.3
11-May,"6,562,600",66,"5,950,500",59.8,"612,200",9.3,8.7
11-Apr,"6,528,300",65.7,"5,937,400",59.7,"590,900",9.1,8.7
11-Mar,"6,533,700",65.8,"5,911,300",59.5,"622,400",9.5,9.2
11-Feb,"6,520,200",65.7,"5,874,200",59.2,"646,000",9.9,9.5
11-Jan,"6,512,200",65.6,"5,854,500",59,"657,700",10.1,9.8
10-Dec,"6,557,200",66.1,"5,950,100",60,"607,000",9.3,9.1
10-Nov,"6,587,000",66.4,"5,966,500",60.2,"620,500",9.4,9.3
10-Oct,"6,585,100",66.4,"5,975,000",60.3,"610,100",9.3,9
10-Sep,"6,595,800",66.6,"5,976,000",60.3,"619,800",9.4,9.2
10-Aug,"6,654,500",67.2,"5,981,200",60.4,"673,300",10.1,9.5
10-Jul,"6,707,700",67.8,"5,998,300",60.6,"709,400",10.6,9.7
10-Jun,"6,702,300",67.8,"6,003,500",60.7,"698,900",10.4,9.6
10-May,"6,631,700",67.1,"5,964,300",60.3,"667,500",10.1,9.3
10-Apr,"6,657,900",67.4,"5,956,500",60.3,"701,400",10.5,9.5
10-Mar,"6,628,100",66.8,"5,866,000",59.1,"762,000",11.5,10.2
10-Feb,"6,609,700",66.7,"5,822,500",58.7,"787,200",11.9,10.4
10-Jan,"6,586,900",66.5,"5,784,700",58.4,"802,200",12.2,10.6
9-Dec,"6,557,100",66.2,"5,836,500",58.9,"720,600",11,9.7
9-Nov,"6,579,400",66.4,"5,897,400",59.6,"682,000",10.4,9.4
9-Oct,"6,585,800",66.5,"5,885,700",59.5,"700,100",10.6,9.5
9-Sep,"6,580,000",66.5,"5,892,900",59.6,"687,100",10.4,9.5
9-Aug,"6,655,200",67.3,"5,949,400",60.2,"705,800",10.6,9.6
9-Jul,"6,759,900",68.4,"6,025,600",61,"734,300",10.9,9.7
9-Jun,"6,749,000",68.4,"6,026,500",61,"722,600",10.7,9.7
9-May,"6,634,100",67.2,"5,974,200",60.5,"659,900",9.9,9.1
9-Apr,"6,607,700",67,"5,976,600",60.6,"631,100",9.6,8.6
9-Mar,"6,585,700",66.8,"5,937,400",60.2,"648,300",9.8,9
9-Feb,"6,586,900",66.8,"5,950,000",60.4,"636,900",9.7,8.9
9-Jan,"6,543,100",66.4,"5,966,600",60.6,"576,500",8.8,8.5
8-Dec,"6,586,300",66.9,"6,088,300",61.8,"498,000",7.6,7.1
8-Nov,"6,581,000",66.9,"6,149,000",62.5,"432,000",6.6,6.5
8-Oct,"6,613,500",67.3,"6,192,500",63,"421,000",6.4,6.1
8-Sep,"6,597,300",67.1,"6,190,300",63,"406,900",6.2,6
8-Aug,"6,668,600",67.9,"6,221,800",63.4,"446,800",6.7,6.1
8-Jul,"6,752,700",68.8,"6,306,200",64.3,"446,500",6.6,6
8-Jun,"6,767,000",69,"6,315,700",64.4,"451,300",6.7,5.7
8-May,"6,676,800",68.1,"6,279,300",64.1,"397,500",6,5.2
8-Apr,"6,650,400",67.9,"6,305,000",64.4,"345,400",5.2,4.8
8-Mar,"6,664,500",68.1,"6,284,200",64.2,"380,300",5.7,5.2
8-Feb,"6,653,900",68,"6,259,900",64,"394,000",5.9,5.2
8-Jan,"6,674,800",68.2,"6,271,200",64.1,"403,600",6,5.4
7-Dec,"6,716,600",68.7,"6,351,800",65,"364,800",5.4,4.8
7-Nov,"6,726,100",68.8,"6,401,000",65.5,"325,000",4.8,4.5
7-Oct,"6,701,900",68.6,"6,378,300",65.3,"323,500",4.8,4.4
7-Sep,"6,694,900",68.6,"6,369,300",65.3,"325,600",4.9,4.5
7-Aug,"6,694,500",68.7,"6,355,200",65.2,"339,200",5.1,4.6
7-Jul,"6,776,600",69.5,"6,416,900",65.8,"359,700",5.3,4.9
7-Jun,"6,750,200",69.3,"6,396,600",65.7,"353,600",5.2,4.7
7-May,"6,611,200",67.9,"6,311,600",64.8,"299,700",4.5,4.3
7-Apr,"6,581,400",67.7,"6,278,200",64.5,"303,100",4.6,4.3
7-Mar,"6,581,500",67.7,"6,280,000",64.6,"301,500",4.6,4.5
7-Feb,"6,579,000",67.7,"6,239,600",64.2,"339,400",5.2,4.9
7-Jan,"6,573,400",67.7,"6,229,600",64.1,"343,900",5.2,5
6-Dec,"6,628,500",68.3,"6,347,100",65.4,"281,400",4.2,4.3
6-Nov,"6,605,400",68.1,"6,346,700",65.4,"258,700",3.9,4.3
6-Oct,"6,589,400",68,"6,349,300",65.5,"240,200",3.6,4.1
6-Sep,"6,547,200",67.6,"6,284,100",64.9,"263,100",4,4.4
6-Aug,"6,594,800",68.1,"6,295,500",65,"299,300",4.5,4.6
6-Jul,"6,625,700",68.5,"6,310,600",65.2,"315,100",4.8,5
6-Jun,"6,590,100",68.2,"6,281,300",65,"308,800",4.7,4.8
6-May,"6,466,400",66.9,"6,187,500",64,"278,900",4.3,4.4
6-Apr,"6,446,400",66.7,"6,147,300",63.6,"299,200",4.6,4.5
6-Mar,"6,425,800",66.5,"6,111,800",63.3,"314,000",4.9,4.8
6-Feb,"6,417,300",66.5,"6,072,300",62.9,"345,000",5.4,5.1
6-Jan,"6,378,200",66.1,"6,036,600",62.5,"341,700",5.4,5.1
5-Dec,"6,432,200",66.7,"6,103,100",63.3,"329,100",5.1,4.6
5-Nov,"6,434,400",66.7,"6,098,500",63.2,"335,900",5.2,4.8
5-Oct,"6,431,200",66.7,"6,105,800",63.4,"325,400",5.1,4.6
5-Sep,"6,403,300",66.6,"6,057,600",63,"345,700",5.4,4.8
5-Aug,"6,435,800",66.9,"6,089,300",63.3,"346,500",5.4,4.9
5-Jul,"6,485,300",67.5,"6,108,800",63.6,"376,500",5.8,5.2
5-Jun,"6,463,500",67.3,"6,073,200",63.2,"390,400",6,5.2
5-May,"6,371,000",66.4,"6,013,700",62.6,"357,300",5.6,4.9
5-Apr,"6,351,400",66.2,"5,988,600",62.4,"362,800",5.7,4.9
5-Mar,"6,320,400",65.9,"5,943,400",62,"377,000",6,5.4
5-Feb,"6,338,500",66.1,"5,919,800",61.7,"418,700",6.6,5.8
5-Jan,"6,306,700",65.8,"5,905,100",61.6,"401,600",6.4,5.7
4-Dec,"6,356,600",66.3,"5,988,200",62.5,"368,300",5.8,5.1
4-Nov,"6,368,100",66.5,"5,998,900",62.6,"369,200",5.8,5.2
4-Oct,"6,345,600",66.3,"5,979,600",62.4,"366,000",5.8,5.1
4-Sep,"6,299,300",65.8,"5,942,200",62.1,"357,100",5.7,5.1
4-Aug,"6,349,600",66.4,"5,963,800",62.3,"385,800",6.1,5.4
4-Jul,"6,412,200",67.1,"6,006,500",62.8,"405,800",6.3,5.7
4-Jun,"6,393,000",66.9,"5,977,100",62.5,"415,900",6.5,5.8
4-May,"6,282,000",65.8,"5,907,300",61.8,"374,700",6,5.3
4-Apr,"6,262,800",65.6,"5,886,400",61.6,"376,500",6,5.4
4-Mar,"6,285,300",65.8,"5,862,000",61.4,"423,400",6.7,6
4-Feb,"6,279,500",65.8,"5,855,400",61.4,"424,100",6.8,6
4-Jan,"6,271,400",65.7,"5,830,300",61.1,"441,100",7,6.3
3-Dec,"6,289,400",65.9,"5,901,800",61.9,"387,600",6.2,5.4
3-Nov,"6,308,500",66.2,"5,910,900",62,"397,600",6.3,5.6
3-Oct,"6,294,700",66,"5,898,600",61.9,"396,100",6.3,5.6
3-Sep,"6,280,900",65.9,"5,865,000",61.6,"415,900",6.6,5.8
3-Aug,"6,320,200",66.4,"5,876,100",61.7,"444,200",7,6
3-Jul,"6,370,600",66.9,"5,918,400",62.2,"452,300",7.1,6.3
3-Jun,"6,409,000",67.4,"5,928,300",62.3,"480,700",7.5,6.5
3-May,"6,264,700",65.9,"5,862,800",61.7,"401,900",6.4,5.8
3-Apr,"6,260,900",65.9,"5,865,400",61.7,"395,500",6.3,5.8
3-Mar,"6,272,600",66,"5,840,900",61.5,"431,700",6.9,6.2
3-Feb,"6,274,700",66.1,"5,826,100",61.3,"448,600",7.1,6.4
3-Jan,"6,256,400",65.9,"5,801,100",61.1,"455,300",7.3,6.5
2-Dec,"6,278,900",66.1,"5,878,400",61.9,"400,600",6.4,5.7
2-Nov,"6,283,600",66.2,"5,887,300",62,"396,300",6.3,5.6
2-Oct,"6,313,800",66.6,"5,931,100",62.5,"382,700",6.1,5.3
2-Sep,"6,310,000",66.6,"5,935,800",62.6,"374,200",5.9,5.4
2-Aug,"6,338,600",66.9,"5,926,200",62.6,"412,400",6.5,5.7
2-Jul,"6,407,900",67.7,"5,964,600",63,"443,300",6.9,5.9
2-Jun,"6,432,300",68,"5,984,000",63.2,"448,300",7,6
2-May,"6,350,000",67.2,"5,952,400",62.9,"397,600",6.3,5.5
2-Apr,"6,354,900",67.2,"5,940,300",62.8,"414,600",6.5,5.7
2-Mar,"6,374,000",67.5,"5,944,200",62.9,"429,800",6.7,6.1
2-Feb,"6,396,500",67.7,"5,958,400",63.1,"438,100",6.8,6.1
2-Jan,"6,350,300",67.3,"5,904,100",62.5,"446,200",7,6.3
1-Dec,"6,413,500",68,"6,029,300",63.9,"384,200",6,5.4
1-Nov,"6,409,700",68,"6,047,200",64.1,"362,400",5.7,5.3
1-Oct,"6,421,500",68.1,"6,081,400",64.5,"340,200",5.3,5
1-Sep,"6,415,600",68.1,"6,092,600",64.7,"323,000",5,4.7
1-Aug,"6,430,900",68.3,"6,080,800",64.6,"350,100",5.4,4.9
1-Jul,"6,523,800",69.3,"6,186,600",65.7,"337,200",5.2,4.7
1-Jun,"6,536,000",69.5,"6,184,100",65.8,"351,900",5.4,4.7
1-May,"6,444,400",68.6,"6,141,000",65.3,"303,400",4.7,4.1
1-Apr,"6,458,600",68.8,"6,133,000",65.3,"325,500",5,4.2
1-Mar,"6,498,500",69.2,"6,145,100",65.5,"353,400",5.4,4.5
1-Feb,"6,475,300",69,"6,124,100",65.3,"351,200",5.4,4.6
1-Jan,"6,467,300",69,"6,118,800",65.2,"348,500",5.4,4.7
Dec-00,"6,478,100",69.1,"6,191,500",66,"286,600",4.4,3.7
Nov-00,"6,460,400",69,"6,190,700",66.1,"269,700",4.2,3.7
Oct-00,"6,448,600",68.9,"6,204,400",66.3,"244,200",3.8,3.6
Sep-00,"6,441,200",68.8,"6,186,500",66.1,"254,700",4,3.8
Aug-00,"6,500,200",69.5,"6,209,700",66.4,"290,400",4.5,4.1
Jul-00,"6,546,800",70.1,"6,250,600",66.9,"296,200",4.5,4.2
Jun-00,"6,581,400",70.5,"6,282,700",67.3,"298,700",4.5,4.1
May-00,"6,475,200",69.4,"6,208,500",66.5,"266,700",4.1,3.8
Apr-00,"6,496,600",69.6,"6,239,300",66.9,"257,200",4,3.7
Mar-00,"6,511,100",69.7,"6,211,100",66.5,"300,100",4.6,4.3
Feb-00,"6,508,500",69.7,"6,194,700",66.4,"313,800",4.8,4.4
Jan-00,"6,473,600",69.4,"6,167,300",66.1,"306,300",4.7,4.5
Dec-99,"6,503,000",69.7,"6,239,600",66.9,"263,400",4.1,3.7
Nov-99,"6,498,400",69.7,"6,239,000",66.9,"259,400",4,3.8
Oct-99,"6,487,700",69.6,"6,227,400",66.8,"260,300",4,3.8
Sep-99,"6,457,300",69.3,"6,186,700",66.4,"270,700",4.2,4.1
Aug-99,"6,500,100",69.8,"6,210,500",66.7,"289,600",4.5,4.2
Jul-99,"6,567,900",70.6,"6,251,100",67.2,"316,800",4.8,4.5
Jun-99,"6,565,500",70.6,"6,251,100",67.2,"314,400",4.8,4.5
May-99,"6,449,800",69.4,"6,182,600",66.6,"267,200",4.1,4
Apr-99,"6,408,000",69,"6,140,200",66.1,"267,800",4.2,4.1
Mar-99,"6,404,500",69,"6,136,800",66.1,"267,700",4.2,4.4
Feb-99,"6,395,500",69,"6,095,100",65.7,"300,400",4.7,4.7
Jan-99,"6,378,100",68.8,"6,078,400",65.6,"299,700",4.7,4.8
Dec-98,"6,406,300",69.1,"6,146,800",66.3,"259,500",4.1,4
Nov-98,"6,389,200",69,"6,128,500",66.2,"260,600",4.1,4.1
Oct-98,"6,375,200",68.9,"6,107,800",66,"267,400",4.2,4.2
Sep-98,"6,365,900",68.8,"6,090,800",65.9,"275,100",4.3,4.4
Aug-98,"6,368,800",68.9,"6,089,600",65.9,"279,200",4.4,4.5
Jul-98,"6,416,700",69.5,"6,153,800",66.7,"262,900",4.1,4.7
Jun-98,"6,409,300",69.5,"6,109,800",66.2,"299,500",4.7,4.7
May-98,"6,296,100",68.3,"6,050,100",65.6,"246,000",3.9,4.2
Apr-98,"6,261,100",67.9,"6,020,000",65.3,"241,100",3.9,4.1
Mar-98,"6,312,300",68.5,"5,999,300",65.1,"313,100",5,5
Feb-98,"6,287,600",68.3,"5,967,100",64.8,"320,500",5.1,5
Jan-98,"6,275,700",68.2,"5,934,300",64.5,"341,400",5.4,5.2
Dec-97,"6,336,600",68.9,"6,041,800",65.7,"294,800",4.7,4.4
Nov-97,"6,330,400",68.9,"6,057,300",65.9,"273,100",4.3,4.3
Oct-97,"6,298,800",68.6,"6,028,800",65.7,"270,000",4.3,4.4
Sep-97,"6,282,900",68.5,"6,002,900",65.4,"280,000",4.5,4.7
Aug-97,"6,330,700",69.1,"6,043,600",65.9,"287,000",4.5,4.8
Jul-97,"6,382,200",69.7,"6,087,000",66.5,"295,200",4.6,5
Jun-97,"6,374,600",69.6,"6,066,500",66.3,"308,000",4.8,5.2
May-97,"6,275,400",68.6,"6,007,000",65.6,"268,400",4.3,4.7
Apr-97,"6,251,200",68.4,"5,966,000",65.2,"285,200",4.6,4.8
Mar-97,"6,284,000",68.7,"5,948,100",65.1,"335,900",5.3,5.5
Feb-97,"6,235,100",68.2,"5,884,700",64.4,"350,400",5.6,5.7
Jan-97,"6,229,200",68.2,"5,861,500",64.2,"367,700",5.9,5.9
Dec-96,"6,269,600",68.6,"5,961,600",65.3,"308,000",4.9,5
Nov-96,"6,266,100",68.6,"5,975,400",65.5,"290,700",4.6,5
Oct-96,"6,270,700",68.7,"5,981,500",65.6,"289,200",4.6,4.9
Sep-96,"6,239,100",68.4,"5,940,400",65.2,"298,700",4.8,5
Aug-96,"6,279,700",68.9,"5,964,400",65.5,"315,300",5,5.1
Jul-96,"6,372,500",70,"6,012,600",66.1,"359,900",5.6,5.6
Jun-96,"6,327,900",69.6,"5,980,700",65.7,"347,200",5.5,5.5
May-96,"6,235,600",68.6,"5,899,500",64.9,"336,100",5.4,5.4
Apr-96,"6,195,000",68.2,"5,866,000",64.6,"329,100",5.3,5.4
Mar-96,"6,201,100",68.3,"5,855,700",64.5,"345,400",5.6,5.8
Feb-96,"6,173,700",68,"5,809,900",64,"363,800",5.9,6
Jan-96,"6,143,000",67.7,"5,761,800",63.5,"381,200",6.2,6.3
Dec-95,"6,174,700",68.1,"5,863,800",64.7,"310,900",5,5.2
Nov-95,"6,188,800",68.3,"5,897,300",65.1,"291,600",4.7,5.3
Oct-95,"6,196,200",68.4,"5,906,900",65.2,"289,300",4.7,5.2
Sep-95,"6,163,400",68.1,"5,866,800",64.8,"296,700",4.8,5.4
Aug-95,"6,204,300",68.6,"5,883,600",65,"320,700",5.2,5.6
Jul-95,"6,267,000",69.3,"5,937,000",65.7,"330,000",5.3,5.9
Jun-95,"6,233,200",69,"5,908,500",65.4,"324,600",5.2,5.8
May-95,"6,147,400",68.1,"5,833,000",64.6,"314,400",5.1,5.5
Apr-95,"6,169,000",68.3,"5,831,800",64.6,"337,300",5.5,5.6
Mar-95,"6,143,400",68.1,"5,817,400",64.5,"326,000",5.3,5.7
Feb-95,"6,119,400",67.8,"5,785,700",64.1,"333,700",5.5,5.9
Jan-95,"6,085,200",67.5,"5,736,100",63.6,"349,100",5.7,6.2
Dec-94,"6,105,300",67.7,"5,829,000",64.7,"276,300",4.5,5.1
Nov-94,"6,119,100",67.9,"5,838,500",64.8,"280,600",4.6,5.3
Oct-94,"6,128,900",68.1,"5,821,100",64.6,"307,800",5,5.4
Sep-94,"6,090,100",67.7,"5,783,300",64.3,"306,800",5,5.6
Aug-94,"6,150,000",68.4,"5,810,100",64.6,"339,900",5.5,5.9
Jul-94,"6,190,000",68.8,"5,832,500",64.9,"357,500",5.8,6.2
Jun-94,"6,178,800",68.8,"5,819,100",64.8,"359,700",5.8,6.2
May-94,"6,091,100",67.8,"5,758,300",64.1,"332,800",5.5,5.9
Apr-94,"6,053,700",67.4,"5,691,700",63.4,"362,100",6,6.2
Mar-94,"6,060,000",67.5,"5,647,500",62.9,"412,500",6.8,6.8
Feb-94,"6,072,800",67.7,"5,632,000",62.8,"440,800",7.3,7.1
Jan-94,"6,063,800",67.6,"5,603,600",62.5,"460,300",7.6,7.3
Dec-93,"6,076,500",67.8,"5,701,000",63.6,"375,400",6.2,6.1
Nov-93,"6,073,000",67.8,"5,700,100",63.6,"372,900",6.1,6.2
Oct-93,"6,079,800",67.9,"5,671,500",63.4,"408,300",6.7,6.4
Sep-93,"6,058,400",67.7,"5,639,500",63,"419,000",6.9,6.4
Aug-93,"6,129,600",68.6,"5,693,100",63.7,"436,500",7.1,6.6
Jul-93,"6,195,700",69.4,"5,724,900",64.1,"470,800",7.6,7
Jun-93,"6,197,200",69.4,"5,695,700",63.8,"501,500",8.1,7.2
May-93,"6,072,700",68.1,"5,605,200",62.9,"467,500",7.7,6.8
Apr-93,"6,001,300",67.3,"5,536,800",62.1,"464,400",7.7,6.9
Mar-93,"6,008,800",67.5,"5,522,200",62,"486,600",8.1,7.4
Feb-93,"6,004,000",67.5,"5,491,200",61.7,"512,800",8.5,7.8
Jan-93,"5,972,900",67.2,"5,467,600",61.5,"505,300",8.5,8
Dec-92,"6,021,600",67.8,"5,590,900",62.9,"430,700",7.2,7.1
Nov-92,"6,013,800",67.7,"5,610,400",63.2,"403,400",6.7,7.1
Oct-92,"5,981,000",67.4,"5,601,600",63.1,"379,400",6.3,6.9
Sep-92,"6,013,700",67.9,"5,600,800",63.2,"412,900",6.9,7.3
Aug-92,"6,085,000",68.7,"5,632,600",63.6,"452,400",7.4,7.4
Jul-92,"6,168,600",69.7,"5,677,200",64.2,"491,300",8,7.7
Jun-92,"6,166,500",69.8,"5,633,200",63.7,"533,200",8.6,8
May-92,"6,015,700",68.1,"5,529,200",62.6,"486,500",8.1,7.3
Apr-92,"5,974,500",67.7,"5,495,700",62.3,"478,700",8,7.2
Mar-92,"5,978,500",67.8,"5,457,500",61.9,"521,000",8.7,7.8
Feb-92,"5,966,600",67.7,"5,405,500",61.3,"561,100",9.4,8.2
Jan-92,"5,949,500",67.5,"5,395,700",61.3,"553,800",9.3,8.1
Dec-91,"5,960,100",67.7,"5,460,300",62,"499,900",8.4,6.9
Nov-91,"5,949,100",67.6,"5,490,700",62.4,"458,400",7.7,6.7
Oct-91,"5,942,300",67.6,"5,513,000",62.7,"429,300",7.2,6.5
Sep-91,"5,932,100",67.5,"5,519,600",62.8,"412,500",7,6.5
Aug-91,"5,961,100",67.9,"5,535,300",63.1,"425,800",7.1,6.6
Jul-91,"6,048,300",69,"5,614,100",64,"434,300",7.2,6.8
Jun-91,"6,046,200",69,"5,607,100",64,"439,100",7.3,7
May-91,"5,905,700",67.4,"5,507,700",62.9,"397,900",6.7,6.7
Apr-91,"5,919,300",67.6,"5,532,100",63.2,"387,200",6.5,6.5
Mar-91,"5,912,700",67.6,"5,481,200",62.7,"431,500",7.3,7.2
Feb-91,"5,891,100",67.4,"5,458,300",62.4,"432,800",7.3,7.3
Jan-91,"5,863,400",67.1,"5,440,500",62.2,"422,900",7.2,7.1
Dec-90,"5,919,400",67.8,"5,554,300",63.6,"365,100",6.2,6
Nov-90,"5,913,900",67.7,"5,568,100",63.8,"345,800",5.8,5.9
Oct-90,"5,937,500",68,"5,588,800",64.1,"348,700",5.9,5.5
Sep-90,"5,926,600",68,"5,567,600",63.9,"359,000",6.1,5.6
Aug-90,"5,989,700",68.7,"5,614,500",64.4,"375,200",6.3,5.5
Jul-90,"6,046,200",69.4,"5,676,700",65.2,"369,500",6.1,5.6
Jun-90,"6,025,900",69.3,"5,668,000",65.2,"357,900",5.9,5.4
May-90,"5,927,300",68.3,"5,586,900",64.3,"340,400",5.7,5.2
Apr-90,"5,903,400",68.1,"5,547,000",64,"356,400",6,5.3
Mar-90,"5,922,500",68.4,"5,550,600",64.1,"371,900",6.3,5.5
Feb-90,"5,921,600",68.5,"5,524,800",63.9,"396,800",6.7,5.9
Jan-90,"5,930,100",68.7,"5,534,900",64.2,"395,200",6.7,6
Dec-89,"5,955,200",67.3,"5,582,000",63.1,"373,100",6.3,5.1
Nov-89,"5,999,700",67.8,"5,630,500",63.6,"369,300",6.2,5.2
Oct-89,"5,995,500",67.8,"5,641,200",63.8,"354,300",5.9,5
Sep-89,"5,980,200",67.6,"5,635,100",63.7,"345,100",5.8,5.1
Aug-89,"6,054,600",68.5,"5,710,200",64.6,"344,400",5.7,5.1
Jul-89,"6,112,700",69.2,"5,761,100",65.2,"351,700",5.8,5.3
Jun-89,"6,119,000",69.3,"5,745,400",65.1,"373,700",6.1,5.5
May-89,"5,981,700",67.8,"5,641,600",63.9,"340,100",5.7,5
Apr-89,"5,954,500",67.5,"5,608,200",63.6,"346,300",5.8,5.1
Mar-89,"5,937,800",67.3,"5,584,200",63.3,"353,700",6,5.2
Feb-89,"5,917,300",67.1,"5,538,700",62.8,"378,600",6.4,5.6
Jan-89,"5,922,400",67.2,"5,517,300",62.6,"405,100",6.8,6
Dec-88,"5,917,300",67.2,"5,565,600",63.2,"351,700",5.9,5
Nov-88,"5,932,300",67.4,"5,572,200",63.3,"360,100",6.1,5.2
Oct-88,"5,894,300",67,"5,545,300",63,"348,900",5.9,5
Sep-88,"5,858,400",66.6,"5,508,100",62.6,"350,300",6,5.2
Aug-88,"5,934,800",67.5,"5,550,600",63.1,"384,200",6.5,5.4
Jul-88,"5,950,200",67.7,"5,562,800",63.3,"387,300",6.5,5.5
Jun-88,"5,908,700",67.2,"5,513,600",62.7,"395,100",6.7,5.5
May-88,"5,775,000",65.7,"5,377,000",61.2,"398,100",6.9,5.4
Apr-88,"5,755,800",65.5,"5,364,700",61.1,"391,100",6.8,5.3
Mar-88,"5,751,100",65.5,"5,325,300",60.7,"425,800",7.4,5.9
Feb-88,"5,761,400",65.7,"5,316,900",60.6,"444,600",7.7,6.2
Jan-88,"5,751,200",65.6,"5,305,500",60.5,"445,700",7.7,6.3
Dec-87,"5,766,300",65.8,"5,382,100",61.4,"384,200",6.7,5.4
Nov-87,"5,787,000",66.1,"5,403,100",61.7,"383,900",6.6,5.6
Oct-87,"5,806,300",66.3,"5,416,300",61.9,"390,000",6.7,5.7
Sep-87,"5,750,400",65.7,"5,367,600",61.3,"382,800",6.7,5.7
Aug-87,"5,850,500",66.9,"5,442,300",62.2,"408,200",7,5.8
Jul-87,"5,879,800",67.2,"5,463,400",62.5,"416,400",7.1,6.1
Jun-87,"5,852,800",67,"5,397,500",61.8,"455,300",7.8,6.3
May-87,"5,764,400",66,"5,314,200",60.8,"450,200",7.8,6.1
Apr-87,"5,678,000",65,"5,235,900",60,"442,000",7.8,6.2
Mar-87,"5,661,200",64.9,"5,195,100",59.5,"466,100",8.2,6.9
Feb-87,"5,649,500",64.8,"5,164,500",59.2,"485,000",8.6,7.2
Jan-87,"5,631,000",64.6,"5,153,800",59.1,"477,200",8.5,7.3
Dec-86,"5,653,500",64.9,"5,242,300",60.2,"411,300",7.3,6.3
Nov-86,"5,684,800",65.3,"5,262,600",60.5,"422,200",7.4,6.6
Oct-86,"5,704,500",65.6,"5,274,600",60.6,"429,900",7.5,6.6
Sep-86,"5,705,500",65.6,"5,266,300",60.6,"439,200",7.7,6.8
Aug-86,"5,763,400",66.3,"5,317,900",61.2,"445,500",7.7,6.7
Jul-86,"5,830,100",67.2,"5,355,600",61.7,"474,400",8.1,7
Jun-86,"5,824,700",67.1,"5,313,900",61.2,"510,700",8.8,7.3
May-86,"5,677,500",65.5,"5,192,700",59.9,"484,800",8.5,7
Apr-86,"5,630,300",64.9,"5,150,400",59.4,"479,900",8.5,7
Mar-86,"5,639,100",65.1,"5,128,600",59.2,"510,400",9.1,7.5
Feb-86,"5,622,400",64.9,"5,075,200",58.6,"547,200",9.7,7.8
Jan-86,"5,600,500",64.7,"5,099,600",58.9,"500,900",8.9,7.3
Dec-85,"5,650,100",65.3,"5,173,100",59.8,"477,000",8.4,6.7
Nov-85,"5,673,900",65.6,"5,189,300",60,"484,600",8.5,6.7
Oct-85,"5,703,600",66,"5,197,000",60.1,"506,600",8.9,6.8
Sep-85,"5,679,200",65.7,"5,183,300",60,"495,900",8.7,6.9
Aug-85,"5,706,900",66.1,"5,205,300",60.3,"501,600",8.8,6.9
Jul-85,"5,776,100",66.9,"5,239,400",60.7,"536,700",9.3,7.4
Jun-85,"5,751,000",66.6,"5,202,900",60.3,"548,100",9.5,7.5
May-85,"5,655,000",65.5,"5,143,400",59.6,"511,500",9,7
Apr-85,"5,635,800",65.3,"5,123,200",59.4,"512,700",9.1,7.1
Mar-85,"5,634,100",65.3,"5,122,800",59.4,"511,300",9.1,7.5
Feb-85,"5,594,000",64.8,"5,070,000",58.8,"524,000",9.4,7.8
Jan-85,"5,606,800",65,"5,054,200",58.6,"552,700",9.9,8
Dec-84,"5,622,900",65.2,"5,139,400",59.6,"483,500",8.6,7
Nov-84,"5,620,300",65.2,"5,162,700",59.9,"457,600",8.1,6.9
Oct-84,"5,630,100",65.3,"5,151,100",59.7,"479,000",8.5,7
Sep-84,"5,594,000",64.9,"5,131,000",59.5,"463,000",8.3,7.1
Aug-84,"5,646,800",65.5,"5,159,700",59.9,"487,000",8.6,7.3
Jul-84,"5,739,300",66.6,"5,238,400",60.8,"500,900",8.7,7.5
Jun-84,"5,721,300",66.4,"5,224,400",60.6,"497,000",8.7,7.4
May-84,"5,607,300",65.1,"5,115,100",59.4,"492,200",8.8,7.2
Apr-84,"5,561,000",64.6,"5,036,700",58.5,"524,300",9.4,7.6
Mar-84,"5,548,500",64.5,"5,000,300",58.1,"548,300",9.9,8.1
Feb-84,"5,533,800",64.3,"4,964,300",57.7,"569,500",10.3,8.4
Jan-84,"5,510,200",64.1,"4,930,100",57.3,"580,100",10.5,8.8
Dec-83,"5,569,000",64.8,"5,025,600",58.5,"543,300",9.8,8
Nov-83,"5,579,900",65,"5,042,200",58.7,"537,700",9.6,8.1
Oct-83,"5,569,300",64.9,"5,006,700",58.3,"562,600",10.1,8.4
Sep-83,"5,601,100",65.3,"5,015,100",58.4,"586,000",10.5,8.8
Aug-83,"5,691,800",66.3,"5,050,400",58.9,"641,400",11.3,9.2
Jul-83,"5,731,000",66.8,"5,074,000",59.2,"657,000",11.5,9.4
Jun-83,"5,747,800",67,"5,013,200",58.5,"734,600",12.8,10.2
May-83,"5,555,500",64.8,"4,871,400",56.8,"684,100",12.3,9.8
Apr-83,"5,549,000",64.7,"4,845,100",56.5,"703,900",12.7,10
Mar-83,"5,550,800",64.8,"4,811,300",56.1,"739,500",13.3,10.8
Feb-83,"5,544,500",64.7,"4,775,400",55.7,"769,100",13.9,11.3
Jan-83,"5,547,800",64.8,"4,789,200",55.9,"758,600",13.7,11.4
Dec-82,"5,610,400",65.5,"4,882,900",57,"727,500",13,10.5
Nov-82,"5,623,400",65.7,"4,922,700",57.5,"700,600",12.5,10.4
Oct-82,"5,618,300",65.6,"4,943,700",57.7,"674,600",12,9.9
Sep-82,"5,626,400",65.7,"4,964,800",58,"661,600",11.8,9.7
Aug-82,"5,697,000",66.5,"5,029,900",58.8,"667,100",11.7,9.6
Jul-82,"5,757,900",67.3,"5,072,800",59.3,"685,000",11.9,9.8
Jun-82,"5,717,100",66.8,"5,050,500",59,"666,600",11.7,9.8
May-82,"5,606,000",65.5,"5,016,400",58.6,"589,600",10.5,9.1
Apr-82,"5,550,500",64.9,"4,969,800",58.1,"580,700",10.5,9.2
Mar-82,"5,541,000",64.8,"4,963,200",58,"577,800",10.4,9.5
Feb-82,"5,519,600",64.6,"4,948,300",57.9,"571,300",10.4,9.6
Jan-82,"5,503,400",64.4,"4,951,500",57.9,"551,900",10,9.4
Dec-81,"5,543,300",64.9,"5,049,400",59.1,"494,000",8.9,8.3
Nov-81,"5,579,900",65.3,"5,109,000",59.8,"470,800",8.4,7.9
Oct-81,"5,592,500",65.5,"5,131,400",60.1,"461,100",8.2,7.5
Sep-81,"5,553,800",65,"5,103,700",59.8,"450,100",8.1,7.3
Aug-81,"5,663,000",66.3,"5,203,900",61,"459,100",8.1,7.2
Jul-81,"5,720,200",67,"5,256,400",61.6,"463,800",8.1,7.3
Jun-81,"5,685,800",66.7,"5,192,100",60.9,"493,700",8.7,7.7
May-81,"5,609,100",65.8,"5,150,000",60.4,"459,100",8.2,7.1
Apr-81,"5,568,000",65.4,"5,119,500",60.1,"448,500",8.1,7
Mar-81,"5,553,400",65.2,"5,062,300",59.5,"491,200",8.8,7.7
Feb-81,"5,521,100",64.9,"5,006,200",58.8,"514,900",9.3,8
Jan-81,"5,516,400",64.9,"4,989,900",58.7,"526,500",9.5,8.2
Dec-80,"5,533,900",65.1,"5,064,500",59.6,"469,400",8.5,6.9
Nov-80,"5,565,700",65.5,"5,084,700",59.8,"481,000",8.6,7.1
Oct-80,"5,572,900",65.6,"5,088,900",59.9,"484,000",8.7,7.1
Sep-80,"5,545,400",65.3,"5,091,700",60,"453,700",8.2,7.2
Aug-80,"5,628,000",66.4,"5,133,000",60.5,"495,000",8.8,7.6
Jul-80,"5,709,400",67.4,"5,193,100",61.3,"516,300",9,7.9
Jun-80,"5,669,200",66.9,"5,163,800",61,"505,400",8.9,7.8
May-80,"5,522,300",65.2,"5,088,300",60.1,"434,000",7.9,7.1
Apr-80,"5,481,500",64.8,"5,079,000",60,"402,500",7.3,6.7
Mar-80,"5,471,700",64.7,"5,074,300",60,"397,400",7.3,6.6
Feb-80,"5,472,600",64.7,"5,073,200",60,"399,300",7.3,6.8
Jan-80,"5,481,800",64.9,"5,085,800",60.2,"396,100",7.2,6.9
Dec-79,"5,506,600",65.2,"5,174,800",61.3,"331,800",6,5.7
Nov-79,"5,482,300",65,"5,170,800",61.3,"311,500",5.7,5.6
Oct-79,"5,491,800",65.1,"5,182,400",61.4,"309,400",5.6,5.6
Sep-79,"5,460,200",64.8,"5,181,700",61.5,"278,500",5.1,5.7
Aug-79,"5,504,500",65.3,"5,217,600",61.9,"287,000",5.2,5.9
Jul-79,"5,560,100",66,"5,268,900",62.6,"291,200",5.2,5.9
Jun-79,"5,526,300",65.6,"5,212,800",61.9,"313,500",5.7,6
May-79,"5,341,000",63.5,"5,087,400",60.5,"253,600",4.7,5.2
Apr-79,"5,359,000",63.7,"5,079,600",60.4,"279,400",5.2,5.5
Mar-79,"5,387,800",64.1,"5,079,400",60.4,"308,400",5.7,6.1
Feb-79,"5,386,300",64.1,"5,054,700",60.2,"331,500",6.2,6.4
Jan-79,"5,375,100",64,"5,056,200",60.2,"318,800",5.9,6.4
Dec-78,"5,441,900",64.8,"5,141,900",61.3,"300,100",5.5,5.7
Nov-78,"5,456,200",65,"5,172,100",61.7,"284,100",5.2,5.6
Oct-78,"5,468,800",65.2,"5,179,200",61.8,"289,600",5.3,5.4
Sep-78,"5,433,300",64.8,"5,129,700",61.2,"303,700",5.6,5.8
Aug-78,"5,500,600",65.7,"5,180,100",61.8,"320,500",5.8,5.9
Jul-78,"5,546,000",66.2,"5,200,100",62.1,"345,900",6.2,6.3
Jun-78,"5,548,300",66.3,"5,201,600",62.2,"346,700",6.2,6.2
May-78,"5,370,000",64.2,"5,063,200",60.6,"306,800",5.7,5.5
Apr-78,"5,349,000",64.1,"5,037,000",60.3,"312,000",5.8,5.8
Mar-78,"5,328,800",63.9,"4,980,200",59.7,"348,600",6.5,6.6
Feb-78,"5,302,700",63.6,"4,941,300",59.3,"361,400",6.8,6.9
Jan-78,"5,328,700",64,"4,950,400",59.4,"378,300",7.1,7.1
Dec-77,"5,353,400",64.3,"5,049,500",60.7,"303,900",5.7,6
Nov-77,"5,374,800",64.6,"5,042,600",60.6,"332,200",6.2,6.5
Oct-77,"5,350,800",64.4,"5,025,500",60.5,"325,300",6.1,6.4
Sep-77,"5,312,500",64,"4,981,200",60,"331,300",6.2,6.6
Aug-77,"5,379,300",64.9,"5,029,700",60.6,"349,700",6.5,6.8
Jul-77,"5,405,700",65.2,"5,061,500",61.1,"344,200",6.4,7
Jun-77,"5,422,000",65.5,"5,043,400",60.9,"378,500",7,7.5
May-77,"5,215,500",63.1,"4,941,600",59.8,"273,900",5.3,6.4
Apr-77,"5,191,800",62.8,"4,903,000",59.4,"288,900",5.6,6.9
Mar-77,"5,166,700",62.6,"4,839,900",58.7,"326,700",6.3,7.9
Feb-77,"5,123,400",62.1,"4,786,400",58.1,"337,000",6.6,8.5
Jan-77,"5,087,100",61.8,"4,758,400",57.8,"328,800",6.5,8.3
Dec-76,"5,180,900",63,"4,851,400",59,"329,500",6.4,7.4
Nov-76,"5,168,100",62.9,"4,849,100",59,"319,000",6.2,7.4
Oct-76,"5,164,600",62.9,"4,847,700",59.1,"317,000",6.1,7.2
Sep-76,"5,140,200",62.7,"4,808,600",58.6,"331,600",6.5,7.4
Aug-76,"5,253,600",64.1,"4,888,500",59.7,"365,100",6.9,7.6
Jul-76,"5,291,300",64.7,"4,934,300",60.3,"357,000",6.7,7.8
Jun-76,"5,257,000",64.3,"4,879,500",59.7,"377,500",7.2,8
May-76,"5,080,100",62.2,"4,802,900",58.8,"277,200",5.5,6.8
Apr-76,"5,082,500",62.3,"4,767,300",58.5,"315,200",6.2,7.4
Mar-76,"5,069,900",62.2,"4,723,600",58,"346,300",6.8,8.1
Feb-76,"5,056,700",62.2,"4,680,000",57.5,"376,800",7.5,8.7
Jan-76,"5,054,900",62.2,"4,669,100",57.5,"385,700",7.6,8.8